@T,table
Created,2021-10-06 21:26
Author,HortonMachine library
@H,timestamp,value_1
ID,,1
Type,Date,Double
Format,yyyy-MM-dd HH:mm,
,2014-03-29 00:00,280.6754433569731
,2014-03-29 01:00,280.56666656444816
,2014-03-29 02:00,280.3609820563281
,2014-03-29 03:00,280.3949553981344
,2014-03-29 04:00,281.0362437986467
,2014-03-29 05:00,281.130043231896
,2014-03-29 06:00,286.357001798235
,2014-03-29 07:00,300.78115932024883
,2014-03-29 08:00,308.43164152640617
,2014-03-29 09:00,313.0438933764333
,2014-03-29 10:00,315.31943023051366
,2014-03-29 11:00,315.49508727286974
,2014-03-29 12:00,315.167123963109
,2014-03-29 13:00,314.09006255975174
,2014-03-29 14:00,311.8564673255952
,2014-03-29 15:00,308.48862088710996
,2014-03-29 16:00,301.8098847397458
,2014-03-29 17:00,292.06779457436994
,2014-03-29 18:00,285.81915210279783
,2014-03-29 19:00,285.1341127605408
,2014-03-29 20:00,284.1903179065708
,2014-03-29 21:00,283.86818116056145
,2014-03-29 22:00,282.7531047301645
,2014-03-29 23:00,282.2927402561531
,2014-03-30 00:00,283.1940225043399
,2014-03-30 01:00,282.80240752290564
,2014-03-30 02:00,282.0257767324399
,2014-03-30 03:00,281.6093474747808
,2014-03-30 04:00,281.7603613367061
,2014-03-30 05:00,281.71526171691255
,2014-03-30 06:00,287.68714627308555
,2014-03-30 07:00,302.8845263126969
,2014-03-30 08:00,310.4060844142804
,2014-03-30 09:00,315.29949040401067
,2014-03-30 10:00,316.53323787231716
,2014-03-30 11:00,316.87654797116994
,2014-03-30 12:00,316.8731632094975
,2014-03-30 13:00,315.95235109369645
,2014-03-30 14:00,314.0197500430014
,2014-03-30 15:00,310.03190778750474
,2014-03-30 16:00,303.5957701980894
,2014-03-30 17:00,293.1187416674522
,2014-03-30 18:00,286.2996208685331
,2014-03-30 19:00,285.6288385331752
,2014-03-30 20:00,284.8363432998373
,2014-03-30 21:00,284.23596751783117
,2014-03-30 22:00,284.6403084342203
,2014-03-30 23:00,284.664139261193
,2014-03-31 00:00,283.90787145188403
,2014-03-31 01:00,283.7687739783569
,2014-03-31 02:00,284.2517878345317
,2014-03-31 03:00,283.9771734272969
,2014-03-31 04:00,283.927646965819
,2014-03-31 05:00,284.01075527773116
,2014-03-31 06:00,289.510571254317
,2014-03-31 07:00,304.05176499657443
,2014-03-31 08:00,311.9388159983081
,2014-03-31 09:00,315.46891258035856
,2014-03-31 10:00,317.2660097821151
,2014-03-31 11:00,317.8127607476317
,2014-03-31 12:00,317.7087749947012
,2014-03-31 13:00,316.50604996632205
,2014-03-31 14:00,314.0703922093614
,2014-03-31 15:00,310.2744682157176
,2014-03-31 16:00,304.4186497238315
,2014-03-31 17:00,294.835344976616
,2014-03-31 18:00,288.4356651254497
,2014-03-31 19:00,287.5497983887558
,2014-03-31 20:00,286.0111986281735
,2014-03-31 21:00,285.6382367561888
,2014-03-31 22:00,284.8455928343493
,2014-03-31 23:00,284.6257717598328
,2014-04-01 00:00,284.0476857473494
,2014-04-01 01:00,283.9661359034627
,2014-04-01 02:00,284.3427992699989
,2014-04-01 03:00,285.3213732323605
,2014-04-01 04:00,284.85383126342
,2014-04-01 05:00,284.7933755187406
,2014-04-01 06:00,290.5603696132003
,2014-04-01 07:00,303.9001179165533
,2014-04-01 08:00,312.33688863778804
,2014-04-01 09:00,316.2874675891113
,2014-04-01 10:00,318.8718447292974
,2014-04-01 11:00,319.24021187980736
,2014-04-01 12:00,320.1853519024307
,2014-04-01 13:00,318.2323600400961
,2014-04-01 14:00,315.82381501611076
,2014-04-01 15:00,311.62744524979524
,2014-04-01 16:00,305.78981598602894
,2014-04-01 17:00,295.81627925339257
,2014-04-01 18:00,288.6183348439088
,2014-04-01 19:00,286.6882989211023
,2014-04-01 20:00,285.944368008999
,2014-04-01 21:00,285.0204481922872
,2014-04-01 22:00,283.8068936140195
,2014-04-01 23:00,284.5431260442431
,2014-04-02 00:00,283.0839701704193
,2014-04-02 01:00,282.8109501440954
,2014-04-02 02:00,282.52112679403126
,2014-04-02 03:00,281.7012814124571
,2014-04-02 04:00,281.900951484683
,2014-04-02 05:00,281.65477917254105
,2014-04-02 06:00,288.2116883975366
,2014-04-02 07:00,303.43282609275803
,2014-04-02 08:00,311.13548472515413
,2014-04-02 09:00,315.0703850155862
,2014-04-02 10:00,317.122422399388
,2014-04-02 11:00,317.7460260065677
,2014-04-02 12:00,317.77352296398595
,2014-04-02 13:00,316.89189424321694
,2014-04-02 14:00,314.9563130573861
,2014-04-02 15:00,311.31114854504665
,2014-04-02 16:00,305.1106705511857
,2014-04-02 17:00,294.56509009878846
,2014-04-02 18:00,286.97250373233004
,2014-04-02 19:00,285.8950553276447
,2014-04-02 20:00,285.2712972163553
,2014-04-02 21:00,285.2779242589627
,2014-04-02 22:00,284.1742283108848
,2014-04-02 23:00,284.3287703207344
,2014-04-03 00:00,284.7411633631062
,2014-04-03 01:00,284.1173684260463
,2014-04-03 02:00,283.8425372554105
,2014-04-03 03:00,282.9946645041505
,2014-04-03 04:00,282.42177706073056
,2014-04-03 05:00,282.7007327665758
,2014-04-03 06:00,289.352147394824
,2014-04-03 07:00,302.60659286927716
,2014-04-03 08:00,310.0922541807289
,2014-04-03 09:00,312.53548614597804
,2014-04-03 10:00,315.0856276545239
,2014-04-03 11:00,316.0843087563115
,2014-04-03 12:00,315.54177042251916
,2014-04-03 13:00,314.121415226149
,2014-04-03 14:00,311.59415389777575
,2014-04-03 15:00,308.1684722966308
,2014-04-03 16:00,302.20736051537455
,2014-04-03 17:00,291.81465817004363
,2014-04-03 18:00,284.72063592206246
,2014-04-03 19:00,284.55038484327247
,2014-04-03 20:00,284.2072007116536
,2014-04-03 21:00,284.1347399250439
,2014-04-03 22:00,284.1930246504424
,2014-04-03 23:00,284.1986520074239
,2014-04-04 00:00,283.711870191923
,2014-04-04 01:00,283.1601966406147
,2014-04-04 02:00,283.506474767818
,2014-04-04 03:00,283.4109303700497
,2014-04-04 04:00,283.108330870531
,2014-04-04 05:00,282.85407907454106
,2014-04-04 06:00,288.9247932808221
,2014-04-04 07:00,301.5627575606878
,2014-04-04 08:00,307.87953804700174
,2014-04-04 09:00,311.0242128266073
,2014-04-04 10:00,313.3572672847914
,2014-04-04 11:00,314.6002217270699
,2014-04-04 12:00,314.41765389723105
,2014-04-04 13:00,313.2831965157363
,2014-04-04 14:00,311.39174760410503
,2014-04-04 15:00,307.9001839203364
,2014-04-04 16:00,300.8925936887102
,2014-04-04 17:00,291.01490356143245
,2014-04-04 18:00,283.65580798278233
,2014-04-04 19:00,283.6307321383072
,2014-04-04 20:00,282.75592073928414
,2014-04-04 21:00,282.12843920811446
,2014-04-04 22:00,282.32794459658555
,2014-04-04 23:00,282.04272456296394
,2014-04-05 00:00,281.36031276065444
,2014-04-05 01:00,281.23603404064914
,2014-04-05 02:00,280.75538656503363
,2014-04-05 03:00,280.94107761448885
,2014-04-05 04:00,280.23094658592026
,2014-04-05 05:00,280.6735603380574
,2014-04-05 06:00,288.06720646685034
,2014-04-05 07:00,300.50225140537844
,2014-04-05 08:00,307.7753772461073
,2014-04-05 09:00,311.81193569896107
,2014-04-05 10:00,313.6817586109091
,2014-04-05 11:00,314.8557198274105
,2014-04-05 12:00,313.79586070473846
,2014-04-05 13:00,311.95991986655815
,2014-04-05 14:00,308.69778904586894
,2014-04-05 15:00,304.0547208832296
,2014-04-05 16:00,298.64801672086975
,2014-04-05 17:00,288.9545398202883
,2014-04-05 18:00,281.7680552124938
,2014-04-05 19:00,281.41096873004363
,2014-04-05 20:00,281.59365614380795
,2014-04-05 21:00,281.81496448749925
,2014-04-05 22:00,282.37563231603525
,2014-04-05 23:00,282.58087777669454
,2014-04-06 00:00,282.41385759895377
,2014-04-06 01:00,282.7417157565043
,2014-04-06 02:00,282.49348832135723
,2014-04-06 03:00,282.4095044642467
,2014-04-06 04:00,282.3785301966495
,2014-04-06 05:00,282.4618299383141
,2014-04-06 06:00,289.922587729161
,2014-04-06 07:00,301.74279518424123
,2014-04-06 08:00,308.1500761673288
,2014-04-06 09:00,311.6449196879516
,2014-04-06 10:00,313.72682510072053
,2014-04-06 11:00,314.10251834414134
,2014-04-06 12:00,313.94219261640893
,2014-04-06 13:00,311.0493170643329
,2014-04-06 14:00,309.09825400995254
,2014-04-06 15:00,305.0411718909691
,2014-04-06 16:00,298.9107572994747
,2014-04-06 17:00,291.21114322480173
,2014-04-06 18:00,284.42183024746566
,2014-04-06 19:00,284.2355091685141
,2014-04-06 20:00,284.04117637566037
,2014-04-06 21:00,283.9026714160177
,2014-04-06 22:00,283.8887200191039
,2014-04-06 23:00,283.8993560511339
,2014-04-07 00:00,283.3233129808112
,2014-04-07 01:00,283.4714806101812
,2014-04-07 02:00,283.0366400542923
,2014-04-07 03:00,283.1536254696689
,2014-04-07 04:00,284.45172919294123
,2014-04-07 05:00,284.0088504671542
,2014-04-07 06:00,291.4597965100926
,2014-04-07 07:00,303.383923248821
,2014-04-07 08:00,310.4331158597272
,2014-04-07 09:00,313.9235501266417
,2014-04-07 10:00,315.85971533068107
,2014-04-07 11:00,317.9975474499979
,2014-04-07 12:00,317.20032480503346
,2014-04-07 13:00,315.9656225438031
,2014-04-07 14:00,314.2659271537809
,2014-04-07 15:00,310.0706056866817
,2014-04-07 16:00,304.9681601045868
,2014-04-07 17:00,295.0531452485753
,2014-04-07 18:00,287.4147000949539
,2014-04-07 19:00,286.6923104630824
,2014-04-07 20:00,285.9512300831607
,2014-04-07 21:00,285.115265981774
,2014-04-07 22:00,284.4588396683037
,2014-04-07 23:00,284.6855931476304
,2014-04-08 00:00,284.5998506965842
,2014-04-08 01:00,284.8327568184987
,2014-04-08 02:00,284.56702348042637
,2014-04-08 03:00,284.710867560816
,2014-04-08 04:00,284.72416589370937
,2014-04-08 05:00,284.8487327132735
,2014-04-08 06:00,292.7192514926412
,2014-04-08 07:00,305.94442817458963
,2014-04-08 08:00,314.5783199000329
,2014-04-08 09:00,317.99848334179035
,2014-04-08 10:00,319.232881295395
,2014-04-08 11:00,320.23029223259107
,2014-04-08 12:00,319.9152860384337
,2014-04-08 13:00,318.8722335916684
,2014-04-08 14:00,316.9070172466752
,2014-04-08 15:00,313.95789656750054
,2014-04-08 16:00,308.4647208691835
,2014-04-08 17:00,299.22464600937235
,2014-04-08 18:00,290.73900112700306
,2014-04-08 19:00,289.8043928532709
,2014-04-08 20:00,288.70308277730015
,2014-04-08 21:00,288.6360091677335
,2014-04-08 22:00,288.10769685787113
,2014-04-08 23:00,288.1903323590607
,2014-04-09 00:00,288.7340521399134
,2014-04-09 01:00,288.482294894912
,2014-04-09 02:00,288.0566994378071
,2014-04-09 03:00,287.9721467089784
,2014-04-09 04:00,286.7554450495564
,2014-04-09 05:00,286.5486575116142
,2014-04-09 06:00,293.74381836646177
,2014-04-09 07:00,306.0691155758224
,2014-04-09 08:00,310.45930457675973
,2014-04-09 09:00,314.21576696358795
,2014-04-09 10:00,317.62456473456075
,2014-04-09 11:00,317.8274081828256
,2014-04-09 12:00,317.7131538565952
,2014-04-09 13:00,317.7325285191376
,2014-04-09 14:00,313.8188798742224
,2014-04-09 15:00,309.3603657711589
,2014-04-09 16:00,301.52861382131755
,2014-04-09 17:00,293.3794157180231
,2014-04-09 18:00,285.6241823088868
,2014-04-09 19:00,284.4809229725376
,2014-04-09 20:00,283.9259992714198
,2014-04-09 21:00,283.654771675143
,2014-04-09 22:00,283.4284910492722
,2014-04-09 23:00,283.0495310517426
,2014-04-10 00:00,281.96775150421587
,2014-04-10 01:00,281.21287078710316
,2014-04-10 02:00,280.5814215011596
,2014-04-10 03:00,281.0630167071146
,2014-04-10 04:00,281.33634450360034
,2014-04-10 05:00,280.8855791502684
,2014-04-10 06:00,289.19265610095766
,2014-04-10 07:00,301.50589703781503
,2014-04-10 08:00,308.19073173332737
,2014-04-10 09:00,312.25217509733244
,2014-04-10 10:00,313.5760432455536
,2014-04-10 11:00,315.00393732841025
,2014-04-10 12:00,314.5575056824443
,2014-04-10 13:00,313.99028211290874
,2014-04-10 14:00,311.77139637427996
,2014-04-10 15:00,308.46848403956136
,2014-04-10 16:00,302.7396773895323
,2014-04-10 17:00,293.6453085603247
,2014-04-10 18:00,285.0400563134733
,2014-04-10 19:00,283.8737894302717
,2014-04-10 20:00,283.1368835687654
,2014-04-10 21:00,282.71648886608557
,2014-04-10 22:00,282.91953165810196
,2014-04-10 23:00,283.42973898581886
,2014-04-11 00:00,282.9154089424372
,2014-04-11 01:00,283.2141782907432
,2014-04-11 02:00,283.4438566113276
,2014-04-11 03:00,284.685559839024
,2014-04-11 04:00,284.6954244610086
,2014-04-11 05:00,283.1598640144083
,2014-04-11 06:00,291.9755589884382
,2014-04-11 07:00,303.47687322273913
,2014-04-11 08:00,308.64660185184584
,2014-04-11 09:00,313.6157597459626
,2014-04-11 10:00,315.1168428150074
,2014-04-11 11:00,314.6635201224282
,2014-04-11 12:00,312.90370180518227
,2014-04-11 13:00,311.9415604985014
,2014-04-11 14:00,310.55081702198964
,2014-04-11 15:00,307.18761109448997
,2014-04-11 16:00,302.211932234036
,2014-04-11 17:00,293.60581705641624
,2014-04-11 18:00,284.786152183906
,2014-04-11 19:00,284.3975335143409
,2014-04-11 20:00,284.2397820467584
,2014-04-11 21:00,283.6107207428044
,2014-04-11 22:00,283.4865767659036
,2014-04-11 23:00,282.5489849916665
,2014-04-12 00:00,282.28425179017137
,2014-04-12 01:00,282.33326794106927
,2014-04-12 02:00,282.186803621197
,2014-04-12 03:00,282.1734160343438
,2014-04-12 04:00,281.515877319804
,2014-04-12 05:00,281.67597763345503
,2014-04-12 06:00,290.0931449516116
,2014-04-12 07:00,301.8466921456525
,2014-04-12 08:00,307.9942866496316
,2014-04-12 09:00,312.4701088020466
,2014-04-12 10:00,316.0842719689243
,2014-04-12 11:00,317.00972823167496
,2014-04-12 12:00,317.0750773040903
,2014-04-12 13:00,315.30349727242736
,2014-04-12 14:00,312.98612881368314
,2014-04-12 15:00,308.83038164397493
,2014-04-12 16:00,302.65788949570725
,2014-04-12 17:00,293.0402615678618
,2014-04-12 18:00,284.0533720319557
,2014-04-12 19:00,283.5758129594315
,2014-04-12 20:00,283.1779556140887
,2014-04-12 21:00,283.0468591372902
,2014-04-12 22:00,283.3446488137813
,2014-04-12 23:00,283.0536018244046
,2014-04-13 00:00,283.03018377155695
,2014-04-13 01:00,283.2388338740397
,2014-04-13 02:00,283.126296141144
,2014-04-13 03:00,282.8681063817214
,2014-04-13 04:00,282.49470911988556
,2014-04-13 05:00,282.9275654029063
,2014-04-13 06:00,291.74397801219413
,2014-04-13 07:00,302.7970735874201
,2014-04-13 08:00,309.86371779314743
,2014-04-13 09:00,312.30541954424694
,2014-04-13 10:00,313.1732418648796
,2014-04-13 11:00,313.71417754208755
,2014-04-13 12:00,313.37560710188137
,2014-04-13 13:00,312.00831280253254
,2014-04-13 14:00,309.85486842760685
,2014-04-13 15:00,308.54567111461654
,2014-04-13 16:00,303.26041965655287
,2014-04-13 17:00,293.3558070391516
,2014-04-13 18:00,283.8868600896574
,2014-04-13 19:00,282.95971092051155
,2014-04-13 20:00,281.7690288294972
,2014-04-13 21:00,281.9173824866839
,2014-04-13 22:00,281.31813298964335
,2014-04-13 23:00,281.2088460038525
,2014-04-14 00:00,280.8313458338224
,2014-04-14 01:00,280.6448587129666
,2014-04-14 02:00,281.5209954766844
,2014-04-14 03:00,281.84053149432606
,2014-04-14 04:00,281.28731819933773
,2014-04-14 05:00,281.008201538679
,2014-04-14 06:00,290.49976294587293
,2014-04-14 07:00,303.28178945055595
,2014-04-14 08:00,309.5467848600219
,2014-04-14 09:00,313.4713780807281
,2014-04-14 10:00,315.812369488094
,2014-04-14 11:00,316.9775970695879
,2014-04-14 12:00,317.14770152223304
,2014-04-14 13:00,316.4141414737107
,2014-04-14 14:00,313.834456520298
,2014-04-14 15:00,311.7852833766946
,2014-04-14 16:00,306.40003738376475
,2014-04-14 17:00,297.80610860085477
,2014-04-14 18:00,288.0759954744778
,2014-04-14 19:00,286.4777987343307
,2014-04-14 20:00,285.7304838281942
,2014-04-14 21:00,285.87388910525107
,2014-04-14 22:00,284.9432395935153
,2014-04-14 23:00,284.23609251456065
,2014-04-15 00:00,284.4526509553666
,2014-04-15 01:00,284.6337753102493
,2014-04-15 02:00,284.5849084077629
,2014-04-15 03:00,284.1771873029725
,2014-04-15 04:00,283.596804617104
,2014-04-15 05:00,283.0461608734379
,2014-04-15 06:00,293.4059812653663
,2014-04-15 07:00,305.30838092991445
,2014-04-15 08:00,312.49203542836665
,2014-04-15 09:00,316.976192434215
,2014-04-15 10:00,318.9820660609942
,2014-04-15 11:00,318.8069336531169
,2014-04-15 12:00,318.3658493831472
,2014-04-15 13:00,316.5112389727695
,2014-04-15 14:00,314.49755117787913
,2014-04-15 15:00,306.0709073870656
,2014-04-15 16:00,298.86387294125876
,2014-04-15 17:00,288.750401449673
,2014-04-15 18:00,285.71207005823237
,2014-04-15 19:00,278.2701010474043
,2014-04-15 20:00,277.5683355323852
,2014-04-15 21:00,277.21969224120534
,2014-04-15 22:00,276.94560146042477
,2014-04-15 23:00,276.8754114938529
,2014-04-16 00:00,277.12059075719077
,2014-04-16 01:00,277.0626654341876
,2014-04-16 02:00,277.1759202843454
,2014-04-16 03:00,277.08500908966727
,2014-04-16 04:00,277.5758365414474
,2014-04-16 05:00,277.7431472150631
,2014-04-16 06:00,287.2990794399191
,2014-04-16 07:00,298.3351455189792
,2014-04-16 08:00,305.74417284077924
,2014-04-16 09:00,308.8215347253635
,2014-04-16 10:00,308.59118261583586
,2014-04-16 11:00,310.68263598305407
,2014-04-16 12:00,311.600638616118
,2014-04-16 13:00,309.0995241644487
,2014-04-16 14:00,306.8045287548621
,2014-04-16 15:00,302.01347440597556
,2014-04-16 16:00,297.1334112213833
,2014-04-16 17:00,287.65576888460424
,2014-04-16 18:00,279.36115377794164
,2014-04-16 19:00,279.0918436250787
,2014-04-16 20:00,279.3053243066915
,2014-04-16 21:00,279.1426897432608
,2014-04-16 22:00,278.63922629362827
,2014-04-16 23:00,277.617285174823
,2014-04-17 00:00,277.3547449601752
,2014-04-17 01:00,277.35057490086893
,2014-04-17 02:00,277.7894909711761
,2014-04-17 03:00,278.417369048099
,2014-04-17 04:00,278.3650340957846
,2014-04-17 05:00,278.3932692599249
,2014-04-17 06:00,288.7760774806302
,2014-04-17 07:00,300.13672877750224
,2014-04-17 08:00,306.0313394271605
,2014-04-17 09:00,309.1851222472734
,2014-04-17 10:00,310.79493513739
,2014-04-17 11:00,312.1201255589556
,2014-04-17 12:00,310.1834865591717
,2014-04-17 13:00,307.4576238387428
,2014-04-17 14:00,304.7747143380243
,2014-04-17 15:00,301.4849553368351
,2014-04-17 16:00,296.9859777379915
,2014-04-17 17:00,287.90822853481717
,2014-04-17 18:00,277.6292233125502
,2014-04-17 19:00,277.1709651781429
,2014-04-17 20:00,277.63493420325614
,2014-04-17 21:00,277.46634136691426
,2014-04-17 22:00,277.35773594432146
,2014-04-17 23:00,277.2017143576048
,2014-04-18 00:00,277.496141628748
,2014-04-18 01:00,277.8749259037755
,2014-04-18 02:00,277.26314707216335
,2014-04-18 03:00,277.9883413703684
,2014-04-18 04:00,277.45111842798104
,2014-04-18 05:00,278.24741393167216
,2014-04-18 06:00,289.1135895333552
,2014-04-18 07:00,300.6782962625009
,2014-04-18 08:00,306.8959767150983
,2014-04-18 09:00,310.66842034518237
,2014-04-18 10:00,312.25980670017157
,2014-04-18 11:00,311.6960234076308
,2014-04-18 12:00,310.79842598776656
,2014-04-18 13:00,309.5874144892674
,2014-04-18 14:00,307.4607006342316
,2014-04-18 15:00,304.2069419504315
,2014-04-18 16:00,299.5944962684407
,2014-04-18 17:00,292.44702673123425
,2014-04-18 18:00,282.2357756216585
,2014-04-18 19:00,282.09631954487537
,2014-04-18 20:00,281.73088131788546
,2014-04-18 21:00,282.34943484723703
,2014-04-18 22:00,281.5864718750377
,2014-04-18 23:00,281.778113097642
,2014-04-19 00:00,282.46533683521864
,2014-04-19 01:00,282.72482405330436
,2014-04-19 02:00,281.92211689058087
,2014-04-19 03:00,281.76926837943034
,2014-04-19 04:00,281.1880253375118
,2014-04-19 05:00,280.97241863743795
,2014-04-19 06:00,291.9371724905127
,2014-04-19 07:00,304.1352785659725
,2014-04-19 08:00,311.46513806269144
,2014-04-19 09:00,314.5912238891666
,2014-04-19 10:00,316.9974084294278
,2014-04-19 11:00,317.99299593346103
,2014-04-19 12:00,318.5800287139333
,2014-04-19 13:00,317.62892937880497
,2014-04-19 14:00,313.8231340751176
,2014-04-19 15:00,309.2254098071011
,2014-04-19 16:00,304.3801950515325
,2014-04-19 17:00,295.75941998166576
,2014-04-19 18:00,285.7457987894715
,2014-04-19 19:00,285.14910969146706
,2014-04-19 20:00,284.7255595930509
,2014-04-19 21:00,284.16165042474205
,2014-04-19 22:00,283.8149406661427
,2014-04-19 23:00,283.33754894343
,2014-04-20 00:00,283.5097634967993
,2014-04-20 01:00,284.2527136154129
,2014-04-20 02:00,284.2692656123361
,2014-04-20 03:00,283.5683118375302
,2014-04-20 04:00,283.2219204506043
,2014-04-20 05:00,282.636848205141
,2014-04-20 06:00,294.06044910702326
,2014-04-20 07:00,305.04380017691943
,2014-04-20 08:00,311.07986315005786
,2014-04-20 09:00,315.3733342996281
,2014-04-20 10:00,317.6967198331956
,2014-04-20 11:00,319.57343670329675
,2014-04-20 12:00,319.7575501576141
,2014-04-20 13:00,319.4025193600429
,2014-04-20 14:00,316.06176655449116
,2014-04-20 15:00,312.47495531477233
,2014-04-20 16:00,306.9599113718265
,2014-04-20 17:00,298.0049773520833
,2014-04-20 18:00,287.5669266249633
,2014-04-20 19:00,286.1283433756283
,2014-04-20 20:00,285.5528518408702
,2014-04-20 21:00,285.2196311998858
,2014-04-20 22:00,285.1220269649817
,2014-04-20 23:00,285.38840115247183
,2014-04-21 00:00,285.3831721762131
,2014-04-21 01:00,284.9710476876027
,2014-04-21 02:00,285.3511621465996
,2014-04-21 03:00,285.34430680204315
,2014-04-21 04:00,284.9200923857
,2014-04-21 05:00,284.8538663656209
,2014-04-21 06:00,295.5519644787225
,2014-04-21 07:00,305.73316098579346
,2014-04-21 08:00,310.7851772288959
,2014-04-21 09:00,313.8554917101923
,2014-04-21 10:00,316.1021763141579
,2014-04-21 11:00,317.9076266331185
,2014-04-21 12:00,318.54511592077756
,2014-04-21 13:00,318.6268035878827
,2014-04-21 14:00,315.7285006739173
,2014-04-21 15:00,311.86776650162534
,2014-04-21 16:00,306.6334403166698
,2014-04-21 17:00,298.2821359764935
,2014-04-21 18:00,288.14614066383297
,2014-04-21 19:00,287.0966164507276
,2014-04-21 20:00,286.3455488201607
,2014-04-21 21:00,286.3839769276507
,2014-04-21 22:00,286.3395433058548
,2014-04-21 23:00,285.5456167746283
,2014-04-22 00:00,286.2468738224222
,2014-04-22 01:00,285.8309588194255
,2014-04-22 02:00,285.3032153489788
,2014-04-22 03:00,285.2033220128285
,2014-04-22 04:00,286.270436253793
,2014-04-22 05:00,285.5827812845767
,2014-04-22 06:00,297.2675142643165
,2014-04-22 07:00,308.3809838787123
,2014-04-22 08:00,314.49379388423813
,2014-04-22 09:00,317.4941500926447
,2014-04-22 10:00,318.99100925203277
,2014-04-22 11:00,319.9058765522032
,2014-04-22 12:00,319.47762423893784
,2014-04-22 13:00,318.7640102491866
,2014-04-22 14:00,316.0661027647509
,2014-04-22 15:00,312.09809335202044
,2014-04-22 16:00,307.10949416959625
,2014-04-22 17:00,299.01204295062837
,2014-04-22 18:00,288.44142661442476
,2014-04-22 19:00,287.4772992522478
,2014-04-22 20:00,287.194467282053
,2014-04-22 21:00,287.6489658237341
,2014-04-22 22:00,287.9943983726475
,2014-04-22 23:00,287.8540747058636
,2014-04-23 00:00,287.7628807324666
,2014-04-23 01:00,286.8112046365522
,2014-04-23 02:00,286.8612897633991
,2014-04-23 03:00,286.255822603548
,2014-04-23 04:00,286.3298757723009
,2014-04-23 05:00,285.3065970339482
,2014-04-23 06:00,295.6933564961965
,2014-04-23 07:00,305.5198319932444
,2014-04-23 08:00,310.64232810660894
,2014-04-23 09:00,313.80429100402034
,2014-04-23 10:00,314.8598759114934
,2014-04-23 11:00,316.3706821494538
,2014-04-23 12:00,315.6203175680069
,2014-04-23 13:00,314.1099825561177
,2014-04-23 14:00,312.0815566128036
,2014-04-23 15:00,308.76549119233096
,2014-04-23 16:00,303.61009188622376
,2014-04-23 17:00,295.60616716772665
,2014-04-23 18:00,285.87028454984073
,2014-04-23 19:00,285.2376957537759
,2014-04-23 20:00,285.1359468697862
,2014-04-23 21:00,284.8807476332759
,2014-04-23 22:00,284.8485578988826
,2014-04-23 23:00,284.9839923957361
,2014-04-24 00:00,284.7643160986121
,2014-04-24 01:00,284.62927976170755
,2014-04-24 02:00,284.6198077562117
,2014-04-24 03:00,284.1009579117646
,2014-04-24 04:00,284.7174132322336
,2014-04-24 05:00,284.9598702039602
,2014-04-24 06:00,296.1612829892461
,2014-04-24 07:00,305.687326244339
,2014-04-24 08:00,311.1651343417358
,2014-04-24 09:00,314.23905519816134
,2014-04-24 10:00,316.8265862523356
,2014-04-24 11:00,317.28695666688304
,2014-04-24 12:00,316.89504796487404
,2014-04-24 13:00,317.31133205410157
,2014-04-24 14:00,315.46102855279815
,2014-04-24 15:00,312.3439320937181
,2014-04-24 16:00,306.4775001910845
,2014-04-24 17:00,297.9874528347184
,2014-04-24 18:00,287.85949125042276
,2014-04-24 19:00,286.2097047101746
,2014-04-24 20:00,286.1601207762544
,2014-04-24 21:00,285.7441053643054
,2014-04-24 22:00,285.4544183244085
,2014-04-24 23:00,286.0823366469653
,2014-04-25 00:00,285.7139965175439
,2014-04-25 01:00,286.0311139977546
,2014-04-25 02:00,286.1766980623596
,2014-04-25 03:00,286.2942698318464
,2014-04-25 04:00,286.3917549813723
,2014-04-25 05:00,285.7977815070369
,2014-04-25 06:00,296.90800929757637
,2014-04-25 07:00,306.221259733533
,2014-04-25 08:00,312.4639352744426
,2014-04-25 09:00,316.0688490233821
,2014-04-25 10:00,318.3683690771311
,2014-04-25 11:00,319.805441493057
,2014-04-25 12:00,319.80311639461297
,2014-04-25 13:00,318.82621160585455
,2014-04-25 14:00,315.68822297003516
,2014-04-25 15:00,313.16189007559586
,2014-04-25 16:00,308.8540510807456
,2014-04-25 17:00,300.44190982090754
,2014-04-25 18:00,289.98590770255976
,2014-04-25 19:00,287.5877772864823
,2014-04-25 20:00,287.1053051030813
,2014-04-25 21:00,287.2745745672721
,2014-04-25 22:00,286.1804380432667
,2014-04-25 23:00,286.0574751933585
,2014-04-26 00:00,285.9746371345552
,2014-04-26 01:00,286.1931210590921
,2014-04-26 02:00,284.9965221561374
,2014-04-26 03:00,286.0470138054302
,2014-04-26 04:00,286.27893723375473
,2014-04-26 05:00,285.3746032412962
,2014-04-26 06:00,296.74960713012314
,2014-04-26 07:00,306.7292660907557
,2014-04-26 08:00,311.5160255468569
,2014-04-26 09:00,314.15573558871034
,2014-04-26 10:00,314.01699803035353
,2014-04-26 11:00,313.9131199165183
,2014-04-26 12:00,315.482982340729
,2014-04-26 13:00,314.4856118418378
,2014-04-26 14:00,313.6495096857238
,2014-04-26 15:00,310.6801759059471
,2014-04-26 16:00,305.45457846550767
,2014-04-26 17:00,297.4148975117853
,2014-04-26 18:00,286.77207162075706
,2014-04-26 19:00,285.3860651433206
,2014-04-26 20:00,285.1644838743975
,2014-04-26 21:00,285.2274136538993
,2014-04-26 22:00,285.4133130378041
,2014-04-26 23:00,284.9370054401255
,2014-04-27 00:00,284.1047144715716
,2014-04-27 01:00,283.3315427062254
,2014-04-27 02:00,283.4611485245454
,2014-04-27 03:00,283.8500306910388
,2014-04-27 04:00,283.8595152879525
,2014-04-27 05:00,283.3487397952848
,2014-04-27 06:00,296.1982121916099
,2014-04-27 07:00,307.03904019248586
,2014-04-27 08:00,312.56403806845907
,2014-04-27 09:00,315.9650229777034
,2014-04-27 10:00,317.9052647525569
,2014-04-27 11:00,318.46981803939724
,2014-04-27 12:00,316.325449563077
,2014-04-27 13:00,315.2421581510602
,2014-04-27 14:00,312.3318559342773
,2014-04-27 15:00,309.59146339130643
,2014-04-27 16:00,305.0923881863865
,2014-04-27 17:00,297.46691671480124
,2014-04-27 18:00,286.98776711942577
,2014-04-27 19:00,286.0356586578446
,2014-04-27 20:00,285.6898305340941
,2014-04-27 21:00,284.3563777765593
,2014-04-27 22:00,284.2720422646936
,2014-04-27 23:00,284.2202013646332
,2014-04-28 00:00,283.96393661054094
,2014-04-28 01:00,284.1955588873589
,2014-04-28 02:00,283.9413474698357
,2014-04-28 03:00,283.218842185745
,2014-04-28 04:00,282.147094244933
,2014-04-28 05:00,281.5438557439837
,2014-04-28 06:00,294.8829098123794
,2014-04-28 07:00,304.7726505820582
,2014-04-28 08:00,311.63912692986474
,2014-04-28 09:00,314.48661241435263
,2014-04-28 10:00,316.6210851432386
,2014-04-28 11:00,317.98941002237916
,2014-04-28 12:00,318.4295647572604
,2014-04-28 13:00,317.2536488160247
,2014-04-28 14:00,315.80700467803507
,2014-04-28 15:00,312.54844159375216
,2014-04-28 16:00,307.08128956549183
,2014-04-28 17:00,298.6989115054484
,2014-04-28 18:00,287.59374718253736
,2014-04-28 19:00,285.6799171901458
,2014-04-28 20:00,285.0427187472101
,2014-04-28 21:00,283.9474328873595
,2014-04-28 22:00,284.386509368799
,2014-04-28 23:00,283.817648207315
,2014-04-29 00:00,283.5942534873567
,2014-04-29 01:00,283.1669593152535
,2014-04-29 02:00,283.2830633583812
,2014-04-29 03:00,283.0853813317425
,2014-04-29 04:00,283.0694809340325
,2014-04-29 05:00,282.70134274608444
,2014-04-29 06:00,293.902376720522
,2014-04-29 07:00,305.46283805377976
,2014-04-29 08:00,311.4139600632039
,2014-04-29 09:00,314.66745841494685
,2014-04-29 10:00,313.72538064381297
,2014-04-29 11:00,313.7787849140049
,2014-04-29 12:00,313.1504480775348
,2014-04-29 13:00,312.5320230301138
,2014-04-29 14:00,310.88359657539297
,2014-04-29 15:00,309.09283211178854
,2014-04-29 16:00,304.4668379134508
,2014-04-29 17:00,295.10022869544446
,2014-04-29 18:00,285.14599407181527
,2014-04-29 19:00,283.42376754965284
,2014-04-29 20:00,283.0656550538671
,2014-04-29 21:00,282.7651726826749
,2014-04-29 22:00,282.45329671057095
,2014-04-29 23:00,281.8404540464012
,2014-04-30 00:00,282.2223848731392
,2014-04-30 01:00,282.36189218268873
,2014-04-30 02:00,282.4788807517336
,2014-04-30 03:00,282.8069845431831
,2014-04-30 04:00,282.9065235891403
,2014-04-30 05:00,282.85227378374594
,2014-04-30 06:00,295.5793049512015
,2014-04-30 07:00,306.70920966126414
,2014-04-30 08:00,312.30280903285313
,2014-04-30 09:00,315.44795778144413
,2014-04-30 10:00,318.07367662084374
,2014-04-30 11:00,318.59069083187484
,2014-04-30 12:00,318.43529476440824
,2014-04-30 13:00,317.199443504002
,2014-04-30 14:00,315.0153446614893
,2014-04-30 15:00,312.5517056744166
,2014-04-30 16:00,307.87795153670515
,2014-04-30 17:00,299.511215374022
,2014-04-30 18:00,288.0539467577732
,2014-04-30 19:00,286.0808603226754
,2014-04-30 20:00,285.7400912420417
,2014-04-30 21:00,285.5570206444801
,2014-04-30 22:00,284.8851651657366
,2014-04-30 23:00,284.8989376281009
,2014-05-01 00:00,284.3892655125254
,2014-05-01 01:00,284.2271744134396
,2014-05-01 02:00,285.0175750530288
,2014-05-01 03:00,284.35454943004146
,2014-05-01 04:00,284.1491911225744
,2014-05-01 05:00,283.83689908365636
,2014-05-01 06:00,295.8916368825448
,2014-05-01 07:00,304.65974027127857
,2014-05-01 08:00,310.599974079304
,2014-05-01 09:00,312.75383861472494
,2014-05-01 10:00,313.48967134554783
,2014-05-01 11:00,315.46445404090724
,2014-05-01 12:00,315.46975106169737
,2014-05-01 13:00,315.2891653076696
,2014-05-01 14:00,312.49403687064154
,2014-05-01 15:00,310.1883198487916
,2014-05-01 16:00,305.62881825968685
,2014-05-01 17:00,298.0554381218704
,2014-05-01 18:00,287.0109332263618
,2014-05-01 19:00,285.9052241422961
,2014-05-01 20:00,285.3711149468733
,2014-05-01 21:00,284.9750867074638
,2014-05-01 22:00,284.2971197808441
,2014-05-01 23:00,284.2872149474481
,2014-05-02 00:00,284.2892685164716
,2014-05-02 01:00,284.5066444695715
,2014-05-02 02:00,284.335645745299
,2014-05-02 03:00,284.6740849780102
,2014-05-02 04:00,284.7118906551873
,2014-05-02 05:00,284.1623162437102
,2014-05-02 06:00,295.95804777773077
,2014-05-02 07:00,306.76007937198176
,2014-05-02 08:00,312.67308691257665
,2014-05-02 09:00,315.7684687483753
,2014-05-02 10:00,317.10077425896907
,2014-05-02 11:00,317.8809295160194
,2014-05-02 12:00,317.6105919152061
,2014-05-02 13:00,316.8152421468479
,2014-05-02 14:00,314.25625411585736
,2014-05-02 15:00,311.6915793204476
,2014-05-02 16:00,306.2728372414416
,2014-05-02 17:00,298.7673720539789
,2014-05-02 18:00,287.85450459350255
,2014-05-02 19:00,285.1709872268283
,2014-05-02 20:00,284.5505891675668
,2014-05-02 21:00,284.2180347524372
,2014-05-02 22:00,284.1793909420493
,2014-05-02 23:00,284.0854728024725
,2014-05-03 00:00,283.8853807215652
,2014-05-03 01:00,283.59330486111355
,2014-05-03 02:00,283.5111462540076
,2014-05-03 03:00,283.3486057050449
,2014-05-03 04:00,283.3637029447345
,2014-05-03 05:00,283.6310764946965
,2014-05-03 06:00,295.7916377683241
,2014-05-03 07:00,304.0817863305951
,2014-05-03 08:00,308.4551707488406
,2014-05-03 09:00,313.2340199781469
,2014-05-03 10:00,315.05796478938805
,2014-05-03 11:00,316.2134670073039
,2014-05-03 12:00,316.25973336612554
,2014-05-03 13:00,317.2682703886145
,2014-05-03 14:00,315.7373352303309
,2014-05-03 15:00,313.01960324789974
,2014-05-03 16:00,306.4894630340691
,2014-05-03 17:00,297.7603154627753
,2014-05-03 18:00,286.3532952088697
,2014-05-03 19:00,283.5456812429651
,2014-05-03 20:00,282.1882862584111
,2014-05-03 21:00,282.0657082205817
,2014-05-03 22:00,282.5075039470616
,2014-05-03 23:00,282.4086024931646
,2014-05-04 00:00,282.4422866099829
,2014-05-04 01:00,282.37328452741133
,2014-05-04 02:00,282.38088720525775
,2014-05-04 03:00,282.42366215932464
,2014-05-04 04:00,282.3803598068745
,2014-05-04 05:00,282.8678383314707
,2014-05-04 06:00,295.05920871240926
,2014-05-04 07:00,303.73059672901655
,2014-05-04 08:00,308.68883117802164
,2014-05-04 09:00,312.3920339046152
,2014-05-04 10:00,315.48985012338375
,2014-05-04 11:00,315.64014608154616
,2014-05-04 12:00,313.71364910196036
,2014-05-04 13:00,312.3488846853934
,2014-05-04 14:00,310.89964399087074
,2014-05-04 15:00,307.8161842423854
,2014-05-04 16:00,302.905780410009
,2014-05-04 17:00,295.6454002945018
,2014-05-04 18:00,285.08870795086636
,2014-05-04 19:00,282.60440460702114
,2014-05-04 20:00,282.0997994848556
,2014-05-04 21:00,281.8304422658271
,2014-05-04 22:00,281.69262558232856
,2014-05-04 23:00,281.7458066345506
,2014-05-05 00:00,281.5494049431482
,2014-05-05 01:00,281.7185409392286
,2014-05-05 02:00,281.6906134460319
,2014-05-05 03:00,281.6065510669757
,2014-05-05 04:00,281.85917605538316
,2014-05-05 05:00,282.12304083809573
,2014-05-05 06:00,294.59009493639905
,2014-05-05 07:00,303.37273351796
,2014-05-05 08:00,308.51625980745035
,2014-05-05 09:00,311.6757804217229
,2014-05-05 10:00,314.0751964333666
,2014-05-05 11:00,315.11056460270663
,2014-05-05 12:00,315.422193580646
,2014-05-05 13:00,315.4195541701843
,2014-05-05 14:00,314.280558326323
,2014-05-05 15:00,310.8132990793797
,2014-05-05 16:00,306.2164568622418
,2014-05-05 17:00,298.5095928177781
,2014-05-05 18:00,287.9780456371431
,2014-05-05 19:00,284.5173557428664
,2014-05-05 20:00,283.2044456037487
,2014-05-05 21:00,283.0001432837014
,2014-05-05 22:00,283.3085536593851
,2014-05-05 23:00,282.60354230768564
,2014-05-06 00:00,282.818857454501
,2014-05-06 01:00,282.2959708822674
,2014-05-06 02:00,282.13758492335165
,2014-05-06 03:00,282.59974245721446
,2014-05-06 04:00,281.82932449857
,2014-05-06 05:00,282.9775975176354
,2014-05-06 06:00,296.9737820494758
,2014-05-06 07:00,306.9505437344214
,2014-05-06 08:00,312.3784535499456
,2014-05-06 09:00,316.0338593668713
,2014-05-06 10:00,317.4088278121788
,2014-05-06 11:00,318.41579424453835
,2014-05-06 12:00,318.6247324982483
,2014-05-06 13:00,317.99426211360867
,2014-05-06 14:00,316.59466445444923
,2014-05-06 15:00,313.69651997711094
,2014-05-06 16:00,309.4367781882467
,2014-05-06 17:00,302.1736264155354
,2014-05-06 18:00,290.7618248920774
,2014-05-06 19:00,289.3996262449591
,2014-05-06 20:00,287.23327957715287
,2014-05-06 21:00,286.467573492335
,2014-05-06 22:00,286.2952452532131
,2014-05-06 23:00,286.2662444611578
,2014-05-07 00:00,285.04599391513074
,2014-05-07 01:00,285.6876976414111
,2014-05-07 02:00,285.9651862665059
,2014-05-07 03:00,285.1184127637069
,2014-05-07 04:00,285.3433302812038
,2014-05-07 05:00,285.8975647437044
,2014-05-07 06:00,298.565803941647
,2014-05-07 07:00,307.94554598216945
,2014-05-07 08:00,314.9851559104054
,2014-05-07 09:00,317.61751246343306
,2014-05-07 10:00,318.98024531322335
,2014-05-07 11:00,320.2416370111516
,2014-05-07 12:00,320.2334212731807
,2014-05-07 13:00,319.6564738704454
,2014-05-07 14:00,317.81499034106497
,2014-05-07 15:00,313.94070451012914
,2014-05-07 16:00,309.0852729288857
,2014-05-07 17:00,300.99703301512506
,2014-05-07 18:00,290.6621323724892
,2014-05-07 19:00,287.7633686525706
,2014-05-07 20:00,286.79764063761115
,2014-05-07 21:00,285.9223335738295
,2014-05-07 22:00,285.9972500721942
,2014-05-07 23:00,286.1045214189078
,2014-05-08 00:00,286.5352935727104
,2014-05-08 01:00,286.0765453087452
,2014-05-08 02:00,286.475521804416
,2014-05-08 03:00,286.53295616600104
,2014-05-08 04:00,286.5700551280587
,2014-05-08 05:00,286.97924286352986
,2014-05-08 06:00,298.847126015892
,2014-05-08 07:00,309.39031999422104
,2014-05-08 08:00,314.3989993086301
,2014-05-08 09:00,317.59569628306605
,2014-05-08 10:00,320.0295497349906
,2014-05-08 11:00,319.4320619102212
,2014-05-08 12:00,318.28502112801533
,2014-05-08 13:00,318.79239534031586
,2014-05-08 14:00,316.8234216205971
,2014-05-08 15:00,313.1251126467628
,2014-05-08 16:00,308.69566466756686
,2014-05-08 17:00,301.2197617599376
,2014-05-08 18:00,290.80657518304145
,2014-05-08 19:00,287.8554026145543
,2014-05-08 20:00,287.3302874129846
,2014-05-08 21:00,286.8516874730865
,2014-05-08 22:00,286.0646639046473
,2014-05-08 23:00,285.3582530513137
,2014-05-09 00:00,285.3122806723806
,2014-05-09 01:00,285.07607374537463
,2014-05-09 02:00,283.9615525780878
,2014-05-09 03:00,283.6437158925997
,2014-05-09 04:00,284.17268240561884
,2014-05-09 05:00,284.6274512779564
,2014-05-09 06:00,298.6276380765373
,2014-05-09 07:00,307.85122251228483
,2014-05-09 08:00,313.7035228059165
,2014-05-09 09:00,316.9329987123901
,2014-05-09 10:00,319.1956782406628
,2014-05-09 11:00,319.96041402242383
,2014-05-09 12:00,320.63678867427336
,2014-05-09 13:00,319.47625813757213
,2014-05-09 14:00,318.11559724379
,2014-05-09 15:00,315.3950483257747
,2014-05-09 16:00,311.12018964925255
,2014-05-09 17:00,303.9703800823758
,2014-05-09 18:00,293.8775690673221
,2014-05-09 19:00,290.4227897706968
,2014-05-09 20:00,288.4713914943128
,2014-05-09 21:00,287.7808928735882
,2014-05-09 22:00,287.7584404817916
,2014-05-09 23:00,287.5046310425236
,2014-05-10 00:00,287.3414831232123
,2014-05-10 01:00,287.1519794324063
,2014-05-10 02:00,287.4611087646595
,2014-05-10 03:00,287.4553124728591
,2014-05-10 04:00,287.4635006343652
,2014-05-10 05:00,287.9015238482531
,2014-05-10 06:00,301.90041883245425
,2014-05-10 07:00,310.78743748258665
,2014-05-10 08:00,315.8630178510018
,2014-05-10 09:00,319.34133937014815
,2014-05-10 10:00,321.7124684030014
,2014-05-10 11:00,322.86128976039134
,2014-05-10 12:00,322.8543233179427
,2014-05-10 13:00,321.9514101183676
,2014-05-10 14:00,320.41596301960647
,2014-05-10 15:00,317.60453950312086
,2014-05-10 16:00,313.59038747364474
,2014-05-10 17:00,306.7397668248605
,2014-05-10 18:00,296.9929436871575
,2014-05-10 19:00,292.5527835058402
,2014-05-10 20:00,291.6407372993951
,2014-05-10 21:00,290.4883825728788
,2014-05-10 22:00,290.9084934178802
,2014-05-10 23:00,289.7763135976865
,2014-05-11 00:00,289.50409165730827
,2014-05-11 01:00,290.3601274499793
,2014-05-11 02:00,289.3432461379324
,2014-05-11 03:00,288.6846771395626
,2014-05-11 04:00,288.86550697225147
,2014-05-11 05:00,290.494887944628
,2014-05-11 06:00,301.28336649596923
,2014-05-11 07:00,309.0400621408923
,2014-05-11 08:00,315.351421991868
,2014-05-11 09:00,318.5039764143463
,2014-05-11 10:00,320.9803413937892
,2014-05-11 11:00,322.6151330463536
,2014-05-11 12:00,323.10174930803055
,2014-05-11 13:00,322.07543811422516
,2014-05-11 14:00,320.13514551762364
,2014-05-11 15:00,317.2557076724306
,2014-05-11 16:00,312.78355014986266
,2014-05-11 17:00,305.7858576637542
,2014-05-11 18:00,293.63347167550484
,2014-05-11 19:00,291.7380561928266
,2014-05-11 20:00,290.8901201470828
,2014-05-11 21:00,290.4922259495075
,2014-05-11 22:00,290.0213695702246
,2014-05-11 23:00,289.64934598956
,2014-05-12 00:00,289.1745745254332
,2014-05-12 01:00,289.8093367192104
,2014-05-12 02:00,290.0492309616529
,2014-05-12 03:00,289.73752231451726
,2014-05-12 04:00,289.5489140774727
,2014-05-12 05:00,291.3158010604009
,2014-05-12 06:00,302.59020807555095
,2014-05-12 07:00,309.7246846119299
,2014-05-12 08:00,315.80887530292097
,2014-05-12 09:00,318.6861350539943
,2014-05-12 10:00,320.9899354688098
,2014-05-12 11:00,322.1515848283471
,2014-05-12 12:00,322.6690069072812
,2014-05-12 13:00,322.1536666851301
,2014-05-12 14:00,321.0995384774138
,2014-05-12 15:00,318.00697568386937
,2014-05-12 16:00,313.4045715648738
,2014-05-12 17:00,305.962160890254
,2014-05-12 18:00,294.01263918337804
,2014-05-12 19:00,291.6365762358435
,2014-05-12 20:00,290.5009211050657
,2014-05-12 21:00,289.3109577389537
,2014-05-12 22:00,288.8004769828902
,2014-05-12 23:00,288.5585568569565
,2014-05-13 00:00,287.3827070729444
,2014-05-13 01:00,287.6560419608296
,2014-05-13 02:00,287.6882333084653
,2014-05-13 03:00,287.3662186171706
,2014-05-13 04:00,287.0663397823503
,2014-05-13 05:00,289.34307479644104
,2014-05-13 06:00,301.65109553529527
,2014-05-13 07:00,309.44454720198024
,2014-05-13 08:00,314.745728018128
,2014-05-13 09:00,318.05567882741997
,2014-05-13 10:00,320.383586275961
,2014-05-13 11:00,321.6123343185389
,2014-05-13 12:00,319.6443610488854
,2014-05-13 13:00,318.2668832256886
,2014-05-13 14:00,314.99613494193903
,2014-05-13 15:00,311.9362620049633
,2014-05-13 16:00,308.7902824414971
,2014-05-13 17:00,301.65332588298014
,2014-05-13 18:00,292.2661499849895
,2014-05-13 19:00,289.1754413220954
,2014-05-13 20:00,287.6661335481571
,2014-05-13 21:00,286.9637901805659
,2014-05-13 22:00,286.5688075981997
,2014-05-13 23:00,286.49173969388625
,2014-05-14 00:00,286.0178065808481
,2014-05-14 01:00,286.0667585203824
,2014-05-14 02:00,285.3851660731944
,2014-05-14 03:00,282.8825050670542
,2014-05-14 04:00,281.7655216821351
,2014-05-14 05:00,282.31858792929376
,2014-05-14 06:00,296.25733432854474
,2014-05-14 07:00,305.4970257446776
,2014-05-14 08:00,310.60225386900646
,2014-05-14 09:00,313.3374484223995
,2014-05-14 10:00,314.4326442517593
,2014-05-14 11:00,315.4838871977147
,2014-05-14 12:00,315.4593674909193
,2014-05-14 13:00,314.4948916379047
,2014-05-14 14:00,312.4352056766768
,2014-05-14 15:00,309.24121670903406
,2014-05-14 16:00,305.50348002073173
,2014-05-14 17:00,297.76700121395817
,2014-05-14 18:00,286.04841137903514
,2014-05-14 19:00,283.4792965007969
,2014-05-14 20:00,283.814201813307
,2014-05-14 21:00,284.2925272745387
,2014-05-14 22:00,284.1755246997191
,2014-05-14 23:00,284.2685295627537
,2014-05-15 00:00,283.35907874249835
,2014-05-15 01:00,283.362848546744
,2014-05-15 02:00,283.5182641058213
,2014-05-15 03:00,283.43196799827
,2014-05-15 04:00,283.5754350465419
,2014-05-15 05:00,283.65930571120987

